<keymap version="1" name="Windows copy" parent="$default">
  <action id="ActivateBookmarksToolWindow" />
  <action id="ActivateDatabaseToolWindow">
    <keyboard-shortcut first-keystroke="alt 2" />
  </action>
  <action id="ActivateFindToolWindow" />
  <action id="ActivateGradleToolWindow">
    <keyboard-shortcut first-keystroke="alt 3" />
  </action>
  <action id="ActivateRunToolWindow" />
  <action id="ActivateTODOToolWindow">
    <keyboard-shortcut first-keystroke="alt 4" />
  </action>
  <action id="EditorDecreaseFontSizeGlobal">
    <keyboard-shortcut first-keystroke="shift alt quote" />
  </action>
  <action id="EditorIncreaseFontSizeGlobal">
    <keyboard-shortcut first-keystroke="shift alt semicolon" />
  </action>
  <action id="FixDocComment">
    <keyboard-shortcut first-keystroke="shift alt v" />
  </action>
  <action id="Git.Pull">
    <keyboard-shortcut first-keystroke="ctrl t" />
  </action>
  <action id="NextSplitter">
    <keyboard-shortcut first-keystroke="shift ctrl alt end" />
  </action>
  <action id="PrevSplitter">
    <keyboard-shortcut first-keystroke="shift ctrl alt home" />
  </action>
  <action id="StringManipulation.SwitchStyleAction">
    <keyboard-shortcut first-keystroke="shift alt k" />
  </action>
  <action id="Vcs.UpdateProject" />
</keymap>