<application>
  <component name="StringManipulationState">
    <option name="customActionModels">
      <list>
        <CustomActionModel>
          <option name="id" value="StringManipulation.SwitchStyleAction" />
          <option name="name" value="Switch case" />
          <option name="steps">
            <list>
              <Step>
                <option name="enabled" value="false" />
                <option name="style" value="_UNKNOWN" />
              </Step>
              <Step>
                <option name="style" value="CAMEL_CASE" />
              </Step>
              <Step>
                <option name="style" value="KEBAB_LOWERCASE" />
              </Step>
              <Step>
                <option name="style" value="SNAKE_CASE" />
              </Step>
              <Step>
                <option name="style" value="CAPITALIZED_SNAKE_CASE" />
              </Step>
              <Step>
                <option name="style" value="PASCAL_CASE" />
              </Step>
              <Step>
                <option name="enabled" value="false" />
                <option name="style" value="KEBAB_UPPERCASE" />
              </Step>
              <Step>
                <option name="enabled" value="false" />
                <option name="style" value="_SINGLE_WORD_CAPITALIZED" />
              </Step>
              <Step>
                <option name="enabled" value="false" />
                <option name="style" value="SCREAMING_SNAKE_CASE" />
              </Step>
              <Step>
                <option name="enabled" value="false" />
                <option name="style" value="DOT" />
              </Step>
              <Step>
                <option name="enabled" value="false" />
                <option name="style" value="_ALL_UPPER_CASE" />
              </Step>
              <Step>
                <option name="enabled" value="false" />
                <option name="style" value="WORD_LOWERCASE" />
              </Step>
              <Step>
                <option name="enabled" value="false" />
                <option name="style" value="SENTENCE_CASE" />
              </Step>
              <Step>
                <option name="enabled" value="false" />
                <option name="style" value="WORD_CAPITALIZED" />
              </Step>
            </list>
          </option>
        </CustomActionModel>
      </list>
    </option>
    <option name="lastActionModel">
      <UniversalActionModel>
        <option name="actionClassName" value="osmedile.intellij.stringmanip.styles.custom.CustomAction" />
        <option name="description" value="camelCase, kebab-case, snake_case, Capitalized_Snake_Case, PascalCase" />
        <option name="modelClass" value="osmedile.intellij.stringmanip.styles.custom.CustomActionModel" />
        <option name="modelData" value="&lt;CustomActionModel&gt;&#10;  &lt;option name=&quot;id&quot; value=&quot;StringManipulation.SwitchStyleAction&quot; /&gt;&#10;  &lt;option name=&quot;name&quot; value=&quot;Switch case&quot; /&gt;&#10;  &lt;option name=&quot;steps&quot;&gt;&#10;    &lt;list&gt;&#10;      &lt;Step&gt;&#10;        &lt;option name=&quot;enabled&quot; value=&quot;false&quot; /&gt;&#10;        &lt;option name=&quot;style&quot; value=&quot;_UNKNOWN&quot; /&gt;&#10;      &lt;/Step&gt;&#10;      &lt;Step&gt;&#10;        &lt;option name=&quot;enabled&quot; value=&quot;true&quot; /&gt;&#10;        &lt;option name=&quot;style&quot; value=&quot;CAMEL_CASE&quot; /&gt;&#10;      &lt;/Step&gt;&#10;      &lt;Step&gt;&#10;        &lt;option name=&quot;enabled&quot; value=&quot;true&quot; /&gt;&#10;        &lt;option name=&quot;style&quot; value=&quot;KEBAB_LOWERCASE&quot; /&gt;&#10;      &lt;/Step&gt;&#10;      &lt;Step&gt;&#10;        &lt;option name=&quot;enabled&quot; value=&quot;true&quot; /&gt;&#10;        &lt;option name=&quot;style&quot; value=&quot;SNAKE_CASE&quot; /&gt;&#10;      &lt;/Step&gt;&#10;      &lt;Step&gt;&#10;        &lt;option name=&quot;enabled&quot; value=&quot;true&quot; /&gt;&#10;        &lt;option name=&quot;style&quot; value=&quot;CAPITALIZED_SNAKE_CASE&quot; /&gt;&#10;      &lt;/Step&gt;&#10;      &lt;Step&gt;&#10;        &lt;option name=&quot;enabled&quot; value=&quot;true&quot; /&gt;&#10;        &lt;option name=&quot;style&quot; value=&quot;PASCAL_CASE&quot; /&gt;&#10;      &lt;/Step&gt;&#10;      &lt;Step&gt;&#10;        &lt;option name=&quot;enabled&quot; value=&quot;false&quot; /&gt;&#10;        &lt;option name=&quot;style&quot; value=&quot;KEBAB_UPPERCASE&quot; /&gt;&#10;      &lt;/Step&gt;&#10;      &lt;Step&gt;&#10;        &lt;option name=&quot;enabled&quot; value=&quot;false&quot; /&gt;&#10;        &lt;option name=&quot;style&quot; value=&quot;_SINGLE_WORD_CAPITALIZED&quot; /&gt;&#10;      &lt;/Step&gt;&#10;      &lt;Step&gt;&#10;        &lt;option name=&quot;enabled&quot; value=&quot;false&quot; /&gt;&#10;        &lt;option name=&quot;style&quot; value=&quot;SCREAMING_SNAKE_CASE&quot; /&gt;&#10;      &lt;/Step&gt;&#10;      &lt;Step&gt;&#10;        &lt;option name=&quot;enabled&quot; value=&quot;false&quot; /&gt;&#10;        &lt;option name=&quot;style&quot; value=&quot;DOT&quot; /&gt;&#10;      &lt;/Step&gt;&#10;      &lt;Step&gt;&#10;        &lt;option name=&quot;enabled&quot; value=&quot;false&quot; /&gt;&#10;        &lt;option name=&quot;style&quot; value=&quot;_ALL_UPPER_CASE&quot; /&gt;&#10;      &lt;/Step&gt;&#10;      &lt;Step&gt;&#10;        &lt;option name=&quot;enabled&quot; value=&quot;false&quot; /&gt;&#10;        &lt;option name=&quot;style&quot; value=&quot;WORD_LOWERCASE&quot; /&gt;&#10;      &lt;/Step&gt;&#10;      &lt;Step&gt;&#10;        &lt;option name=&quot;enabled&quot; value=&quot;false&quot; /&gt;&#10;        &lt;option name=&quot;style&quot; value=&quot;SENTENCE_CASE&quot; /&gt;&#10;      &lt;/Step&gt;&#10;      &lt;Step&gt;&#10;        &lt;option name=&quot;enabled&quot; value=&quot;false&quot; /&gt;&#10;        &lt;option name=&quot;style&quot; value=&quot;WORD_CAPITALIZED&quot; /&gt;&#10;      &lt;/Step&gt;&#10;    &lt;/list&gt;&#10;  &lt;/option&gt;&#10;&lt;/CustomActionModel&gt;" />
        <option name="textWithMnemonic" value="Switch case" />
      </UniversalActionModel>
    </option>
  </component>
</application>